Fallon,Guthrie,(693) 791-3054
Zane,Huff,(101) 523-6517
Bell,Giles,(224) 200-9130
Basil,Garrison,(180) 522-2646
Aidan,Beach,(166) 924-8151
Halee,Barrett,(364) 158-0542
Caesar,Reid,(427) 590-9471
Karen,Underwood,(416) 464-5055
Lars,Wilkins,(922) 336-8578
Kelly,Harrington,(804) 921-0866
Odessa,Rose,(518) 126-4361
Xerxes,Monroe,(261) 809-0258
Keiko,Zamora,(313) 150-9860
Tobias,Farmer,(801) 293-4829
Dolan,Jefferson,(533) 260-1110
Honorato,Prince,(184) 229-8825
Chanda,Wall,(684) 260-8840
Ella,Spencer,(776) 657-6300
Avram,Sherman,(951) 652-0886
Jesse,Andrews,(252) 369-6330
Diana,Alston,(410) 942-6483
Alexandra,Hopkins,(257) 311-7338
Palmer,Tanner,(313) 297-6998
Adele,Ryan,(513) 585-2525
Tobias,Mooney,(335) 366-9926
Bethany,Nash,(580) 686-4986
Clarke,Frost,(303) 627-4020
Tanya,Buckley,(476) 887-6792
Cathleen,Solis,(246) 584-0450
Quinn,Roach,(536) 710-4735
Noelani,Price,(825) 857-4473
Ciaran,Buck,(900) 927-7871
Rhoda,Townsend,(432) 574-4790
Elvis,Prince,(861) 873-9479
Aquila,Mullins,(853) 227-8778
Nissim,Figueroa,(965) 181-6644
Castor,Rodriguez,(107) 855-7789
Jesse,Merritt,(740) 152-0438
Cameran,Black,(686) 305-1242
Evan,Ryan,(903) 849-2520
Keegan,Hamilton,(801) 208-9825
Mona,Powers,(588) 604-9702
Merritt,Short,(204) 438-7470
Ignatius,Ross,(649) 938-8682
Rahim,Crawford,(180) 244-2939
Madonna,Whitfield,(609) 142-0963
Felicia,Travis,(760) 243-0502
Ferris,Fox,(829) 197-7226
Claire,Hart,(209) 655-8723
Zahir,Woodward,(275) 453-4482
Libby,Harrison,(281) 837-5060
Colton,Foreman,(179) 633-9135
Chase,Wade,(905) 852-4664
Nita,Hartman,(327) 548-7017
Quynn,Horn,(491) 942-8230
Alika,Hernandez,(258) 661-7795
Orla,Gonzalez,(558) 401-2684
Astra,Santana,(823) 410-5178
Isabella,West,(574) 773-1144
Belle,Farley,(794) 646-4756
Michael,Day,(361) 892-6524
Patience,Key,(952) 749-0211
Petra,Cohen,(527) 822-2151
Imani,Ramsey,(715) 586-8788
Miranda,Branch,(427) 136-1180
Galvin,Strong,(472) 718-7910
Clarke,Mathews,(253) 184-8379
Coby,Glover,(757) 370-6182
Jacob,Webb,(913) 336-8880
Katelyn,Townsend,(292) 806-8624
Haviva,Bradley,(637) 890-2379
Darius,Watts,(656) 612-9325
Amelia,Mckenzie,(269) 328-2626
Peter,Gonzalez,(643) 104-0249
Rajah,Morgan,(474) 545-1545
Brett,Bird,(772) 290-5598
Ivan,Pacheco,(237) 239-9639
Yoko,Valentine,(681) 265-3758
Naida,Fuller,(106) 237-6723
Jenna,Randall,(149) 648-4253
Ian,Cochran,(412) 765-5904
Shana,Davenport,(708) 532-4452
Arthur,Tillman,(984) 467-1426
Nolan,Santana,(382) 612-9098
Sacha,Cameron,(994) 741-1417
Connor,May,(851) 557-5168
Orlando,Reilly,(928) 870-0971
Ulric,Hughes,(824) 224-2893
Mallory,Mckee,(401) 687-7025
Jarrod,Santos,(209) 546-9573
Ariel,Pollard,(312) 124-4333
Rudyard,Gentry,(970) 672-3137
Sawyer,Mack,(478) 278-9018
Darius,Mcfarland,(321) 213-7458
Ori,Collier,(622) 770-3994
Rachel,Conner,(427) 451-9337
Nicholas,Finch,(406) 503-2605
Carter,Guthrie,(412) 267-5804
Raja,Garza,(987) 778-6470
Rafael,Stephenson,(230) 956-5188
Cameron,Hardy,(636) 522-8748
Blythe,Edwards,(841) 182-8366
Laurel,Merrill,(259) 995-1004
Hu,Chan,(673) 147-1188
Katell,Morrow,(761) 643-0245
Merrill,Prince,(559) 115-6228
Kaden,Willis,(805) 575-2826
Arsenio,Grant,(412) 418-9989
Aidan,Donaldson,(897) 344-7494
Clinton,White,(228) 254-0098
Kathleen,Berg,(660) 853-2030
Damian,Mcneil,(176) 362-2953
Phyllis,Murray,(997) 620-8229
Jenna,Best,(412) 839-9975
Edan,Craft,(268) 907-0179
Lester,Clark,(378) 385-8010
Jenna,Leon,(151) 765-4901
Dominic,Tate,(506) 842-4464
Logan,Daugherty,(644) 989-9674
August,Glenn,(418) 725-2095
Karly,Stuart,(928) 977-0364
Wynter,Michael,(461) 172-7955
Yeo,Fulton,(649) 363-3421
Germaine,Bradford,(584) 388-0068
Inga,Mccall,(504) 338-3339
Orlando,Mann,(956) 629-0603
Tobias,Neal,(220) 318-6593
Tate,Bright,(224) 884-5033
Baxter,Andrews,(421) 626-8961
Chantale,Santana,(917) 660-2718
Thor,Harris,(860) 684-4826
Kevin,Ferguson,(709) 277-2114
Erica,Cervantes,(823) 415-1188
Maggie,Workman,(328) 438-5437
Damian,Guthrie,(860) 225-6596
Michael,Rodriquez,(120) 513-0882
Cheryl,Kim,(752) 879-7732
Sasha,Pennington,(887) 841-6918
Phelan,Hodges,(435) 515-2907
Zoe,Peters,(719) 262-2925
Veda,Bray,(234) 950-0400
Caldwell,Hammond,(400) 475-4460
Madeline,Higgins,(303) 294-3477
Gareth,James,(492) 839-1476
Dane,Noble,(710) 969-4469
Vivien,Delgado,(258) 900-1261
Ramona,Kidd,(902) 416-6598
Molly,Mcmillan,(300) 819-5482
Gavin,Sellers,(978) 884-2718
Alden,Branch,(354) 972-6661
Hector,Conway,(439) 316-0510
Palmer,Burris,(129) 682-7574
Wayne,Winters,(423) 289-1389
Willa,York,(574) 654-8963
Otto,Gamble,(467) 273-3396
Hop,Wong,(371) 731-3472
Cruz,Pate,(136) 840-0911
Dennis,Trujillo,(773) 633-8614
Cassady,Owen,(108) 631-0010
Philip,Russell,(673) 754-1885
Colette,Schroeder,(357) 920-7655
Tashya,Austin,(758) 740-1626
Ella,Chen,(288) 221-3478
Nina,Albert,(818) 273-7912
Rudyard,Barr,(584) 296-6347
Katelyn,Pacheco,(166) 987-3394
Ignatius,Gould,(415) 283-6093
Meredith,Poole,(844) 105-8000
Fay,Pruitt,(308) 931-5691
Shafira,Richardson,(678) 515-7350
Melodie,Dunn,(915) 893-6790
Hamilton,Farley,(307) 575-9989
May,Lambert,(712) 583-4608
Peter,Conrad,(809) 875-3402
Wayne,Hunt,(512) 249-2756
Tyrone,Grimes,(389) 866-8077
Candace,Montoya,(889) 932-5406
Casey,Dudley,(166) 157-5456
Jamal,Rosales,(869) 600-2422
Alma,Rowe,(324) 278-8596
Deirdre,White,(671) 782-1410
Sheila,Hendricks,(222) 805-7917
Jessamine,Hendrix,(181) 486-9993
Nolan,Smith,(759) 879-4238
Donovan,Miles,(217) 380-0672
Mohammad,Guerrero,(945) 260-9352
Neil,Wallace,(463) 396-6788
Brock,Moon,(458) 889-0092
Amaya,Trevino,(186) 297-6196
Regan,Nichols,(277) 173-6499
Laura,Rowe,(427) 608-0852
Brandon,Underwood,(590) 800-4149
Brian,Puckett,(448) 157-9059
Jayme,Merrill,(282) 733-8690
Guinevere,Harper,(192) 368-8529
Yetta,Vazquez,(381) 938-9061
Louis,Slater,(650) 623-1787
Cynthia,Fletcher,(419) 874-8401
Elijah,Reid,(399) 762-1892
Kellie,Salazar,(240) 290-2966
Xanthus,Vazquez,(845) 932-4270
Keith,Price,(826) 903-4735
Brock,Poole,(651) 186-6122
Cairo,Duncan,(375) 303-9378
Angela,Jordan,(682) 698-4845
Alfonso,Flynn,(303) 229-3655
Ignatius,Ferrell,(150) 570-6990
Wesley,Hudson,(126) 174-2053
Vaughan,Key,(294) 725-8388
Emi,Duke,(923) 805-4123
Cecilia,Hardin,(704) 364-4644
Wanda,Franklin,(328) 368-9196
Renee,French,(936) 494-4095
Kyra,Cleveland,(736) 959-6307
Melvin,Aguilar,(839) 116-0143
Yeo,Navarro,(360) 231-1446
Cameran,Hartman,(461) 533-1003
Avram,Palmer,(101) 357-3336
Uta,Riggs,(110) 358-5430
Hunter,Craig,(112) 250-1506
Jared,Clark,(352) 757-6190
Theodore,Nichols,(751) 554-5368
Stacey,Hayes,(789) 293-3366
Kevyn,Quinn,(822) 197-9149
Tana,Velazquez,(163) 819-6368
Timon,Harding,(182) 971-8305
Shana,Salas,(222) 144-5463
Joshua,Franco,(391) 440-6817
McKenzie,Maldonado,(129) 499-5037
Amena,Mcconnell,(753) 386-7212
Emerald,Sanchez,(707) 710-0759
Steven,Peters,(877) 327-5936
Nelle,Farley,(456) 485-5634
Yael,Singleton,(373) 769-7467
Raya,Cooke,(681) 528-7543
Quinn,Bender,(940) 264-9755
Joelle,Gonzales,(318) 811-5654
Lionel,Wise,(520) 456-2252
Dale,Flowers,(892) 458-4849
Sylvester,Sheppard,(622) 692-7575
Gillian,Crawford,(734) 786-2128
Timothy,Kramer,(982) 296-5207
Ebony,Giles,(382) 184-6788
Colton,Tran,(939) 495-9489
Keely,Clarke,(322) 935-5797
Felix,Becker,(552) 959-8204
Kevin,Bishop,(460) 521-9070
Ignacia,Myers,(790) 749-8186
Alden,Young,(816) 368-5831
Lane,Cameron,(720) 904-9086
Samuel,Pennington,(768) 650-1987
Xena,Weeks,(422) 814-5732
Uriel,Schultz,(504) 518-4201
Carissa,Holder,(686) 968-0079
Kermit,Montgomery,(910) 208-5239
Cyrus,Watson,(492) 120-8930
Myles,Copeland,(766) 663-2646
Oprah,Norman,(660) 903-0966
Thomas,Morales,(964) 424-4843
Elton,Charles,(410) 747-0575
Wallace,Chase,(926) 953-4259
Kerry,Alvarez,(800) 766-5939
Deanna,Knapp,(914) 988-2850
Portia,Small,(363) 173-9478
Kylee,Huber,(352) 855-7890
Damian,Leach,(459) 358-0250
Emerson,Obrien,(950) 223-1507
Carlos,Patterson,(981) 637-3161
Brenden,Rios,(907) 378-4974
Arsenio,Gonzales,(811) 556-3266
Nathaniel,Levine,(103) 965-5777
Noah,Fuentes,(499) 314-0310
May,Todd,(391) 647-2821
Lynn,Lancaster,(872) 201-1528
Molly,Foster,(983) 654-8171
Glenna,Olson,(729) 826-6859
Kareem,Thornton,(105) 655-1856
Chancellor,Ellison,(469) 911-7689
Michelle,Greene,(591) 201-2805
Buckminster,Delaney,(647) 514-5416
Xena,Richards,(144) 725-1411
Rigel,Nieves,(772) 605-8148
Kamal,Howell,(966) 822-2739
Vivian,Navarro,(203) 848-7228
Raya,Mathews,(263) 973-1632
Vivien,Carson,(421) 621-7630
Victoria,Carey,(458) 735-7474
Lilah,Conley,(815) 682-9828
Omar,Wilkins,(134) 401-4986
McKenzie,Klein,(400) 719-8564
Rylee,Griffith,(636) 695-2972
Malachi,Downs,(130) 193-2705
Uriah,Richard,(591) 665-0151
Aimee,Edwards,(423) 331-9968
Eugenia,Zamora,(545) 211-3442
Odette,Hartman,(729) 948-3048
McKenzie,Meadows,(732) 937-2663
Roary,Walls,(809) 458-4792
Christian,Fuentes,(175) 931-1161
Rajah,Holloway,(250) 797-3726
Tallulah,Powers,(897) 167-5148
Alfonso,Huff,(497) 181-7599
Plato,Cummings,(104) 440-5206
Ocean,Mccall,(132) 935-8837
Heather,Carson,(986) 964-8089
Thor,Calderon,(802) 744-9366
Erin,Reid,(292) 170-5701
Priscilla,Ashley,(715) 470-8450
Kenyon,Howe,(488) 595-5452
Clio,Jensen,(989) 910-2686
Ivy,Fletcher,(487) 228-1739
Mohammad,Barlow,(867) 694-9773
Quincy,Potter,(610) 820-0665
Marsden,Rich,(998) 364-0286
Noel,Padilla,(578) 580-8892
Aaron,Dickson,(891) 120-3533
Dylan,Mullen,(206) 125-2061
Chastity,Lane,(940) 352-1860
Lani,Aguilar,(108) 700-7219
Ezra,Graves,(483) 809-8883
Hu,Gilliam,(410) 303-1291
Trevor,Mcdowell,(255) 913-7180
Martha,Gallegos,(313) 733-1231
Chancellor,Shields,(290) 891-1402
Armando,Villarreal,(780) 593-9369
Dara,Le,(648) 687-9697
Uta,Reilly,(448) 848-9613
Dennis,Hutchinson,(697) 506-9886
Tad,Hopkins,(626) 508-6570
Fitzgerald,Ramos,(296) 833-0602
Shay,Franklin,(423) 795-8276
Aiko,Meadows,(176) 339-9959
Phillip,Conley,(326) 392-0633
Mari,Bass,(177) 398-1199
Amos,Bridges,(808) 737-1827
Jerome,Frost,(969) 323-6723
Wayne,Battle,(265) 418-0369
Justin,Tucker,(301) 995-9645
Ebony,Richard,(605) 374-2693
Neil,Everett,(647) 126-4088
Ira,Gross,(185) 683-1454
Damian,Fisher,(683) 769-9595
Aspen,Macias,(886) 219-9082
Velma,Newton,(396) 479-0464
Vanna,Love,(139) 212-6918
Seth,May,(641) 532-2830
Amy,Dean,(940) 762-2259
Kane,Hartman,(145) 790-1727
Harding,Bryant,(135) 545-8263
Tyler,Rose,(116) 188-7347
Yasir,Castro,(597) 108-8533
Damian,Gomez,(454) 384-6348
Cailin,Le,(251) 144-2236
Simon,Benson,(732) 499-0960
Tucker,Crane,(675) 608-2039
Lesley,Spence,(174) 449-7178
Patricia,Fry,(130) 798-4144
Noble,Alexander,(858) 563-3406
Jana,Henry,(792) 104-9412
Daria,Young,(566) 338-8021
Hamish,Rosario,(651) 703-9509
Yael,William,(953) 395-2348
Freya,Shelton,(502) 427-8843
Renee,Mcguire,(372) 486-3617
Cleo,Gomez,(207) 673-7391
Xanthus,Pena,(457) 296-7917
Courtney,Castillo,(615) 202-8293
Drew,Holland,(106) 664-1496
Dean,Frye,(635) 235-7642
Barbara,Stephenson,(367) 419-8678
Daquan,Snyder,(908) 250-0528
Kyla,Larson,(276) 331-5190
Juliet,Jackson,(217) 199-8179
Elvis,Key,(758) 847-1212
Armand,Patton,(314) 447-7304
Maile,Tyson,(809) 547-4780
Lois,Mcdowell,(308) 246-2167
Solomon,Olsen,(522) 331-7830
Thor,Rodriguez,(468) 322-3904
Ryder,Rasmussen,(715) 330-9369
Drake,Walsh,(759) 972-7233
Mark,Mcgee,(477) 347-7665
Ashton,Foster,(103) 152-6200
Shelby,Cline,(291) 288-9195
Hedwig,Hodge,(233) 814-1699
Rahim,Mcguire,(707) 523-2526
Rhoda,Wise,(744) 544-3990
Marshall,Cobb,(181) 759-1282
Winifred,Contreras,(878) 720-5623
Gloria,Blair,(886) 440-4027
Preston,Baldwin,(586) 872-2361
Quemby,Mckenzie,(483) 816-3252
Gemma,Burch,(527) 263-6935
Aristotle,Rush,(458) 733-8390
Shaine,Fowler,(251) 715-9469
Jared,Ortiz,(986) 294-4771
Sharon,Douglas,(907) 579-5233
Melanie,Dean,(102) 520-7057
Rudyard,Robinson,(288) 340-6389
Hedda,Donovan,(881) 399-1883
Erich,Mcintosh,(261) 273-7613
William,Golden,(562) 312-6437
Lars,Battle,(379) 696-6846
Brandon,Hinton,(657) 717-5456
Lev,Shelton,(895) 462-8661
Kameko,Jimenez,(525) 350-9137
Jemima,Benjamin,(703) 264-5006
Brendan,Morales,(480) 528-7018
Caryn,Sexton,(322) 174-7327
Marvin,Allison,(645) 335-7145
Lila,Swanson,(825) 553-4425
Jacob,Gaines,(102) 485-3663
Shelby,Howell,(485) 614-4281
Jason,Rodriquez,(236) 783-2046
Haviva,Weber,(859) 899-0711
Yasir,Robinson,(570) 815-6018
Lynn,Rodgers,(435) 103-0245
Rashad,Parrish,(632) 196-8059
Dante,Bradshaw,(843) 905-2379
Olympia,Garner,(945) 257-2382
Ginger,Kelly,(281) 470-4662
Tatum,Navarro,(206) 267-4627
Nerea,Stokes,(539) 420-0437
Alfreda,Kirkland,(686) 392-0917
Lionel,Lynch,(387) 910-1706
Quinn,Cotton,(451) 821-6200
Maite,Key,(284) 690-1134
Clayton,Sweeney,(793) 580-8223
Abdul,Nielsen,(689) 463-3791
Chantale,David,(826) 978-3797
Kasimir,Campos,(744) 584-0363
Hall,Rowe,(568) 877-7658
Hanna,Fuller,(233) 931-8529
Xander,Manning,(374) 241-8850
Alfonso,Nicholson,(289) 678-6739
Travis,Neal,(786) 858-4081
MacKensie,Burt,(833) 701-4917
Priscilla,Talley,(376) 905-2238
Emerson,Gutierrez,(969) 730-3649
Christine,Shannon,(317) 350-0494
Savannah,Dawson,(199) 952-9681
Blake,Yang,(142) 585-0381
Jerome,Baxter,(277) 537-6615
Adria,Bolton,(360) 757-8202
Madaline,Reeves,(615) 558-8819
Autumn,Anderson,(213) 563-3570
Jonas,Graves,(612) 206-5419
Gregory,Palmer,(100) 771-4603
Declan,Morse,(949) 821-1512
Chava,Rasmussen,(562) 662-4839
Neville,Kline,(435) 361-8801
Tucker,Massey,(373) 563-3106
Darryl,Daniel,(567) 936-9335
Ralph,Nixon,(923) 562-3410
Vivien,Blankenship,(693) 131-3243
Ava,Cherry,(823) 301-5870
Kaye,Atkinson,(389) 804-3089
Malcolm,Giles,(238) 531-5751
Yuli,Espinoza,(677) 875-0911
Mona,Lloyd,(713) 201-6213
Zachary,Harvey,(178) 644-0730
Isaiah,Albert,(415) 680-9842
Tatum,Small,(246) 194-3048
Brett,Clay,(409) 771-5142
Winifred,May,(941) 122-8457
Rhonda,Glass,(316) 940-0658
Tad,Cardenas,(896) 989-7922
Randall,Bruce,(872) 419-7418
Danielle,Riley,(310) 138-0596
Xantha,Sanford,(304) 873-6353
Lucy,Stewart,(560) 360-3639
Amaya,Hawkins,(480) 266-2460
Vance,Barnes,(967) 583-0545
Xenos,Scott,(317) 495-6351
Norman,Barlow,(125) 283-1485
Ignacia,Fuentes,(320) 338-9197
Isaiah,Vaughan,(861) 601-7484
Sydney,Parks,(288) 628-3460
Hamilton,Frederick,(236) 175-0000
Christopher,Donovan,(922) 771-8471
Amity,Reilly,(510) 333-8416
Clementine,Stephens,(409) 112-5660
Buckminster,Mcmahon,(905) 692-4538
Madeline,Turner,(728) 877-9535
Sydnee,Cash,(858) 567-1967
Oscar,Robinson,(321) 213-3104
Sandra,Lucas,(482) 563-3154
Nehru,Hurley,(160) 510-7413
Madaline,Hancock,(427) 795-7871
James,Roth,(767) 781-9383
Ronan,Summers,(352) 503-9217
Davis,Rosario,(152) 722-1244
Nola,Collins,(882) 560-6497
Noelani,Barrera,(522) 208-5117
Mariam,Anderson,(709) 754-3956
Malik,Paul,(184) 387-3504
Arsenio,Banks,(692) 808-9530
Austin,Bailey,(917) 776-8598
Ebony,Gross,(431) 716-1483
Stone,Hopper,(308) 586-1464
Quyn,Dunlap,(802) 816-4055
Thaddeus,Guthrie,(697) 180-9118
Sydnee,Herring,(787) 571-6523
Maryam,Craig,(890) 941-3088
Kenyon,Richmond,(578) 251-6473
Deanna,Montgomery,(420) 682-5635
Selma,Woodward,(339) 315-2855
Curran,Herman,(738) 339-4075
Oren,Hughes,(336) 404-4683
Jenna,Hebert,(768) 277-8937
Celeste,Norris,(852) 511-2085
Leila,Rich,(577) 327-3885
Wade,Durham,(836) 777-3128
Garth,Chen,(707) 839-1446
Steven,Mcgowan,(849) 362-6518
Samson,Oneill,(848) 271-7202
Ronan,Horne,(294) 160-9351
Noah,Mcfarland,(867) 917-7736
Dexter,Rodriquez,(240) 780-4421
Wayne,Norton,(646) 175-5047
Castor,Bishop,(607) 764-6981
Freya,Chase,(118) 458-0081
Reece,Moreno,(968) 925-8543
Vivien,Snow,(539) 231-8526
Harlan,West,(792) 617-5184
Prescott,Mitchell,(139) 645-4354
Christian,Cunningham,(497) 161-2731
Liberty,Oneill,(799) 715-3276
Marvin,Carver,(387) 976-8807
Cameron,Berry,(826) 160-9610
Ariana,Hunt,(754) 986-7239
Madonna,Berger,(440) 264-4974
Hyatt,Wolfe,(513) 599-4669
Cooper,Turner,(733) 814-7548
Myra,Hull,(989) 594-8386
Alden,Goodman,(919) 506-8202
Leilani,Cox,(477) 289-0694
Xerxes,Hahn,(644) 682-9483
Allistair,Peters,(327) 227-9931
Ainsley,Lindsey,(756) 181-3540
Yuli,Giles,(378) 362-5933
Gay,Stein,(199) 882-2838
Ruby,Merrill,(419) 543-6014
Randall,Simon,(336) 333-2533
Daryl,Acevedo,(316) 157-2918
Nell,Reeves,(744) 866-1335
Jada,Pearson,(968) 343-2806
Wynne,Potter,(456) 582-7863
Carol,Rios,(853) 958-1450
Abdul,Parrish,(903) 955-2025
Katell,Horton,(771) 219-4323
Guinevere,Travis,(855) 740-3124
Teegan,Dotson,(548) 896-1291
Ignatius,Burton,(512) 368-2663
Nerea,Haynes,(405) 290-5154
Raya,Hicks,(893) 494-4035
Diana,Oneil,(213) 373-8224
Desirae,Stout,(624) 335-4984
Colton,Stevens,(457) 860-3398
Bruno,Booth,(649) 977-0923
Ignatius,Kerr,(591) 385-2596
Giacomo,Lang,(135) 673-5015
Kasper,Rose,(558) 959-8745
Lysandra,Howe,(882) 298-7406
Wallace,Pennington,(868) 896-0906
Lacy,Short,(810) 392-6067
Wayne,Delacruz,(362) 653-3586
Lael,Dale,(511) 448-7489
Melyssa,Black,(588) 251-2958
Alexis,Finley,(488) 315-5679
Dominique,Craft,(866) 411-9219
Adam,Jordan,(119) 463-6275
Robin,Ochoa,(489) 606-8673
Nicole,Fletcher,(188) 862-8834
Jolene,Warren,(528) 880-3852
Brock,Rodriquez,(721) 985-9791
Bradley,Meadows,(700) 661-1308
Declan,Reese,(193) 603-3558
Ulysses,Cole,(821) 534-7845
Imani,Mays,(416) 285-0724
Xenos,Ochoa,(605) 991-0591
Iliana,Greene,(514) 709-1168
Kameko,Powell,(388) 600-2368
Burton,Wynn,(523) 563-6639
Carol,Peters,(274) 833-7749
Chadwick,Fitzgerald,(879) 886-5712
Omar,Morris,(564) 469-2706
Emerald,Brooks,(856) 757-1344
Kelsey,Spears,(124) 300-2117
Meredith,Dodson,(780) 999-7909
Damon,Jenkins,(513) 681-6469
Lucian,Webb,(707) 980-3328
Cooper,Romero,(381) 857-5185
Shad,Burch,(692) 550-8157
Walter,Travis,(751) 722-1586
Hashim,Page,(107) 721-7268
Fredericka,Goodwin,(879) 252-8231
Virginia,Solomon,(760) 661-5040
Palmer,Nichols,(296) 653-4401
Xena,Knight,(416) 260-2031
Stuart,Slater,(335) 404-2904
Lacota,Walker,(306) 191-9617
Leonard,Moore,(570) 626-1552
Gary,Elliott,(305) 334-1308
Hammett,Jones,(888) 936-5403
Kim,Brady,(212) 422-1777
Britanney,Butler,(138) 718-8522
Marah,Travis,(339) 817-4492
Drake,Nichols,(483) 352-8750
Edan,Hartman,(203) 113-9667
Cailin,Flores,(674) 586-3659
Joelle,Snider,(379) 370-7173
Lael,Gray,(975) 480-6394
Conan,Jimenez,(548) 656-5097
Ramona,Pace,(652) 574-4819
Riley,Chandler,(626) 488-1345
Lacota,Fleming,(226) 114-9520
Tana,May,(362) 905-4971
Violet,Montgomery,(890) 161-3895
Nero,Huffman,(319) 573-4245
Rigel,Nieves,(839) 418-3398
Iris,Pierce,(704) 152-9585
Baker,Bauer,(767) 523-3761
Gareth,Head,(446) 394-7681
Nathaniel,Cotton,(996) 709-1949
Colleen,Love,(307) 717-5812
Iliana,Wise,(196) 969-8227
Colt,Dawson,(918) 852-8679
Kamal,Brown,(256) 218-6467
Thomas,Rodriguez,(826) 703-4448
Nissim,Macdonald,(676) 778-1909
Eden,Terry,(632) 751-0247
Fiona,Stuart,(751) 572-0986
Rhonda,Taylor,(874) 486-3096
Astra,Harrell,(200) 758-1256
Keane,Meadows,(838) 723-7201
Alisa,Castillo,(356) 324-8349
McKenzie,Romero,(726) 745-5226
Celeste,Woodard,(804) 449-1733
Irma,Carlson,(387) 948-8908
Pascale,James,(608) 434-6643
Geraldine,Montoya,(431) 736-8609
Graiden,Ray,(414) 534-3983
Roanna,Gould,(562) 744-2787
Stone,Simon,(309) 150-8495
Jenna,Gillespie,(934) 791-4965
Grady,Pierce,(812) 964-2656
Devin,Joseph,(491) 791-4024
Alvin,Burt,(828) 974-2518
Octavius,Acevedo,(878) 305-5042
Yoko,Nichols,(532) 466-6869
Victor,Velasquez,(346) 440-2774
Indira,Fletcher,(437) 471-7975
Karleigh,Kim,(960) 250-3777
Yuri,Pearson,(182) 506-8687
Odysseus,Harrison,(719) 790-1769
Kelly,Jenkins,(668) 764-6622
Quamar,Mullen,(626) 697-2922
Ila,Deleon,(750) 248-7669
Hall,Munoz,(394) 615-9884
Rajah,Charles,(297) 221-1843
Ainsley,Lane,(138) 272-7973
Allistair,Stephenson,(922) 615-8131
Rigel,Snow,(631) 988-3385
Steven,Clark,(586) 572-4021
Germaine,Murray,(190) 698-9202
Ebony,Lawson,(330) 761-8732
Cassady,Tillman,(515) 406-4141
TaShya,Pena,(551) 460-2905
Maisie,Pruitt,(275) 233-1836
Amal,Rivas,(258) 597-7366
Cara,Marshall,(575) 348-9306
Sylvester,Lamb,(558) 740-7924
Amery,George,(458) 464-0787
Cameron,Wooten,(858) 139-0536
Quamar,Blake,(284) 907-9139
Hiram,Solomon,(838) 297-0947
Alexis,Reese,(946) 292-9310
Keiko,Fowler,(557) 203-3308
Jaime,Bentley,(533) 748-0280
Natalie,Prince,(328) 702-4040
Gillian,Padilla,(719) 968-1769
Pandora,Gill,(114) 491-2536
Christen,Hopper,(725) 950-4674
Christopher,Sellers,(512) 344-3131
Vera,Greene,(717) 555-0018
Zoe,Nunez,(513) 806-0602
Medge,Guy,(590) 558-3476
Zachery,Henderson,(254) 351-6500
Dale,Blevins,(797) 903-8344
Scott,Patrick,(786) 386-3478
Lars,Albert,(575) 117-9973
Dieter,Jacobson,(409) 247-4823
Patricia,Levine,(967) 977-0566
Amy,George,(611) 678-2173
Dieter,Dean,(232) 639-5336
Ayanna,Drake,(326) 983-3825
Donovan,Guy,(540) 474-1474
Alfonso,Newton,(646) 986-2813
Roary,Thompson,(935) 605-5511
Stephanie,Pennington,(477) 427-8950
Eve,Quinn,(250) 465-0091
Noble,Mcintyre,(797) 863-7446
Wing,Castaneda,(508) 603-1108
Kareem,Page,(483) 150-6423
Upton,Richardson,(268) 663-6552
Raphael,Morin,(321) 912-2566
Hedy,Ochoa,(352) 201-1092
Constance,Cohen,(221) 853-0888
Vernon,Ingram,(338) 461-0292
Edward,Roberson,(562) 258-8136
Herrod,Carney,(463) 999-1967
Zachery,Burton,(734) 605-2564
Pandora,Paul,(702) 519-5694
Palmer,Oneill,(641) 172-2378
Stephen,Bush,(133) 731-4084
Harriet,Becker,(394) 699-3545
Jemima,Kinney,(263) 549-3444
Ariel,Holman,(469) 750-3849
Desirae,Rodgers,(460) 905-1477
Hermione,Carrillo,(209) 109-2464
Timon,Harrington,(689) 856-8367
Robert,Martin,(550) 939-7939
Callum,Shelton,(372) 503-8877
Gay,Dunlap,(331) 861-2600
Stephanie,Lester,(808) 366-5327
Sharon,Arnold,(835) 198-8032
Miranda,Hunter,(143) 465-9988
Karyn,Russell,(234) 101-1650
Fuller,Mathews,(120) 506-4885
Tanner,Wynn,(947) 827-6841
Wendy,Maxwell,(377) 728-0488
Beau,Knox,(436) 308-9764
Vincent,Wiggins,(519) 428-0402
Reuben,Harper,(589) 406-6301
Gil,Jimenez,(533) 873-0829
Angelica,Beasley,(317) 171-5470
Fay,Hall,(550) 351-9359
Sean,Kemp,(599) 319-5237
Timon,Harding,(812) 403-9959
Audrey,Lester,(983) 249-2100
Tamekah,Hebert,(709) 396-3128
Luke,Madden,(250) 575-1584
Whilemina,Duncan,(382) 320-5267
Zephania,Mayo,(764) 773-8698
Jamal,Bryant,(183) 422-9351
Ishmael,Green,(536) 815-9909
Oprah,Small,(362) 268-6849
Vernon,Torres,(912) 339-4560
Breanna,Campbell,(895) 895-5767
Armando,Shelton,(131) 453-8196
Jemima,Mathis,(643) 726-1626
Zachary,Durham,(876) 272-6308
Priscilla,Daniels,(836) 550-9027
Dolan,England,(584) 463-4648
Virginia,Ratliff,(877) 515-3908
Keegan,Sharp,(549) 457-0303
Marshall,Rush,(452) 474-3782
Carlos,Fernandez,(900) 341-4177
Malachi,Booker,(319) 958-4545
Jordan,Camacho,(749) 859-3993
Laith,Lindsay,(377) 909-1858
Ramona,Soto,(595) 639-3536
Natalie,Rogers,(966) 861-2660
Timon,Haney,(760) 839-5062
Sarah,Ramsey,(813) 670-7938
Elvis,Brewer,(155) 725-3690
Nayda,Kim,(894) 551-4514
Matthew,Foreman,(282) 853-5875
Cruz,Gay,(582) 686-3888
Unity,Hardin,(427) 372-3722
Martha,Dillard,(649) 793-4191
Angela,Fisher,(405) 521-4813
Inga,Levy,(250) 702-8687
Dale,Anthony,(678) 259-3903
Carla,Dean,(184) 818-5610
Chantale,Duncan,(111) 474-3009
Edan,Rios,(236) 992-3863
Xanthus,Mann,(233) 330-0298
Malachi,Miles,(798) 820-0380
Bruce,Willis,(112) 604-3010
Quincy,Griffith,(610) 679-8950
Adara,Phelps,(136) 943-7227
Marny,Byers,(578) 305-5095
Aaron,Douglas,(247) 883-2477
Jillian,Barrera,(626) 974-9495
Kessie,Mercado,(941) 206-6185
Ignatius,Howe,(333) 177-7841
Owen,Yang,(433) 170-6268
Graham,Workman,(405) 643-1478
Nicole,Osborn,(644) 761-9994
Ross,Simmons,(977) 314-0329
Sheila,Larson,(751) 827-4005
Kermit,Valenzuela,(664) 836-4088
Cassandra,Ryan,(307) 494-7887
Kimberley,Caldwell,(698) 354-9967
Nora,Hendrix,(606) 890-6732
Rina,Hull,(500) 179-3269
Rosalyn,Flowers,(791) 283-2610
Hashim,Clemons,(840) 834-5721
Blaze,Oneill,(955) 167-2038
Rhea,Alford,(798) 969-7870
Gavin,Emerson,(203) 767-9669
Martha,Mann,(159) 552-6492
Jessamine,Briggs,(510) 143-8080
Elliott,Morrow,(324) 128-2270
Kellie,Knapp,(124) 819-2236
Francis,Stewart,(127) 100-2779
Lenore,Randolph,(334) 707-3805
Leigh,Keller,(704) 443-6521
Jerry,Raymond,(837) 812-9390
Tiger,Morales,(708) 357-2274
Austin,Willis,(389) 855-1030
Lucas,Curry,(573) 633-0698
Keely,Bryant,(550) 417-5253
Howard,Jacobson,(813) 548-7242
Kadeem,Underwood,(375) 841-4819
Myles,Gentry,(985) 846-6160
Herman,Holden,(784) 395-5984
Alea,Franklin,(514) 469-6803
Hoyt,Alston,(238) 964-8933
Brennan,Burt,(278) 411-5025
Brenna,Kane,(759) 604-3895
Kane,Mcclure,(960) 147-6562
Levi,Hull,(586) 842-3960
Latifah,Moody,(977) 514-9354
Florence,Farrell,(362) 904-8033
Ray,Martin,(168) 706-4214
Ivy,Wolfe,(999) 365-3629
Kirestin,Ryan,(445) 284-8613
Len,Bolton,(590) 290-0177
Nolan,Knox,(477) 775-8881
Benjamin,Salinas,(600) 338-4954
Raja,Henry,(561) 155-6817
Nero,Small,(203) 968-3687
Nasim,Fleming,(702) 868-2052
Kay,Mcguire,(941) 632-2112
Zelda,Calhoun,(304) 889-4330
Hermione,Hewitt,(867) 226-0322
Aurora,Rich,(840) 439-9044
Kyle,Kim,(806) 167-8985
Orson,Shelton,(681) 402-4133
Rebecca,Newman,(414) 734-6086
Rhonda,Frazier,(561) 502-3875
Leslie,Huff,(301) 618-1757
Rudyard,Mcbride,(192) 333-0303
Mechelle,Stuart,(630) 277-7141
James,Byrd,(590) 816-9597
Karleigh,Schneider,(483) 608-7653
Clarke,Dodson,(661) 847-5231
Deborah,Hahn,(338) 687-7361
Kato,Davenport,(299) 341-0319
Leandra,Mclaughlin,(613) 487-9807
Meredith,Reed,(768) 408-9172
Knox,Serrano,(393) 300-4530
Shannon,Alston,(160) 485-5723
Taylor,Meyers,(231) 628-2563
Cheryl,Barron,(595) 926-6670
Libby,Taylor,(257) 752-3783
Jocelyn,Chang,(199) 809-6674
Stone,Gates,(688) 495-6260
Dale,Petty,(573) 887-0834
Donna,Robbins,(554) 530-1750
Ignacia,Robertson,(636) 905-5879
Gage,Hatfield,(945) 387-9436
Raya,Hodge,(711) 519-9014
Guinevere,Colon,(981) 221-7642
Jonas,Duke,(291) 116-6549
Nerea,Stanton,(389) 719-3296
Danielle,Bowman,(344) 587-7710
Ria,Waters,(321) 332-6302
Aretha,Fitzgerald,(828) 967-5857
Nolan,Rollins,(662) 603-6809
Erica,Price,(907) 388-4857
Lunea,Avila,(365) 151-6817
Cassidy,Hubbard,(909) 935-0323
Camden,Hopper,(821) 459-9772
Hyacinth,Huff,(233) 622-9638
Quyn,Yang,(918) 570-1402
Henry,Salas,(857) 783-3063
Yuri,Heath,(273) 965-3400
Rebecca,Castro,(570) 103-8700
Melvin,Richard,(754) 691-6709
Candice,Maxwell,(511) 590-7272
Briar,Burris,(734) 510-3281
Evelyn,Hanson,(193) 690-5727
Jaquelyn,Barton,(803) 871-0037
Emerald,Holloway,(384) 239-7117
Amal,Reyes,(230) 582-1711
Reece,Holcomb,(820) 586-8199
Anne,Beasley,(686) 992-5340
Quail,Adkins,(498) 643-4295
Channing,Skinner,(576) 962-6615
Ronan,Grant,(766) 358-6792
Carter,Weeks,(108) 178-8357
Serena,Mclean,(715) 679-2455
Wanda,Knight,(486) 114-6516
Barrett,Mooney,(620) 293-8841
Chantale,Dale,(257) 213-8555
Samuel,Lawrence,(358) 426-3371
Darrel,Matthews,(281) 883-7111
Keely,Hubbard,(431) 133-4987
Lev,Dunn,(277) 114-5498
Ulric,Mcfadden,(139) 734-3008
Donovan,Boyle,(439) 914-1114
Arthur,Ortiz,(873) 293-3512
Alexander,Schneider,(177) 992-9395
Freya,Burns,(269) 702-0825
Neve,Leonard,(262) 170-1460
Ramona,Gardner,(306) 915-1284
Felix,Wade,(399) 354-2925
Logan,Martin,(530) 535-3577
Aretha,Sellers,(532) 778-5250
Connor,Mays,(509) 144-2007
Chava,David,(773) 312-9309
Grace,Reynolds,(935) 821-6432
Mollie,Bond,(508) 373-4710
Honorato,Smith,(813) 669-8647
Orla,Boone,(609) 396-1666
Avram,Langley,(381) 722-8693
Rhonda,Rodriquez,(682) 539-2474
Jamal,Jennings,(749) 570-1812
Sopoline,Randall,(340) 836-3386
Thaddeus,Mcintyre,(615) 890-4134
Heather,Bennett,(319) 363-4205
Tucker,Rowe,(659) 615-5290
Germane,Snow,(456) 622-3267
Hunter,Levine,(167) 568-2944
Olympia,Pennington,(823) 788-5141
Emi,Myers,(117) 322-2747
Ronan,Sanders,(775) 351-2574
Lenore,Nicholson,(351) 418-8236
Keane,Watkins,(725) 897-8196
Nichole,Sargent,(464) 664-4656
Emily,Hyde,(268) 545-5033
Rae,Hays,(334) 364-4426
Yuri,Livingston,(369) 668-0710
Ashton,Rios,(377) 109-3570
Risa,Mendez,(174) 419-8198
Griffin,Gutierrez,(704) 144-0316
Rowan,Rosario,(622) 988-3539
Dane,Barr,(858) 655-3745
Rigel,Randolph,(321) 869-4834
Noah,Evans,(185) 403-4883
Victoria,Lee,(656) 266-7803
Kim,Cannon,(733) 531-3637
Kadeem,Wilkins,(694) 778-2210
Troy,Tillman,(692) 123-3842
Kane,Levine,(839) 461-8384
Xerxes,Haney,(111) 706-9592
Kim,Snyder,(694) 869-1380
Ivor,Sutton,(662) 852-6320
Deirdre,Mccoy,(161) 193-8434
Adam,Riddle,(932) 260-5004
Randall,Koch,(594) 611-8274
Fitzgerald,Crane,(172) 576-1984
Ava,Greene,(369) 796-5225
Keane,Madden,(339) 820-1297
Angelica,Mercado,(690) 969-9548
Nigel,Watson,(211) 625-9738
Dora,Graves,(871) 614-8948
Lavinia,Tran,(433) 839-8623
Aurora,Bailey,(946) 949-4974
Tiger,Barker,(858) 928-9708
Shoshana,Hale,(701) 167-6214
Adrienne,Tyson,(785) 508-2626
Cleo,Workman,(719) 540-2395
Colby,Cooper,(776) 931-0336
Chandler,Downs,(185) 665-8342
Julian,Harper,(266) 515-6379
Herrod,Smith,(761) 343-3302
Dane,Raymond,(665) 748-9299
Cecilia,Delaney,(317) 391-2407
Hannah,Huff,(913) 868-1538
Neve,Perry,(591) 155-3932
Patrick,Payne,(368) 439-0325
Maxine,Mclean,(916) 724-3895
Vernon,Diaz,(924) 718-2979
Wing,Murray,(839) 181-7372
Emma,Keith,(332) 108-1755
Dora,Ayers,(843) 840-5080
Callum,Lindsay,(888) 305-4394
Graham,Santos,(110) 366-3355
Martha,Hester,(351) 889-7922
Hyacinth,Donaldson,(430) 298-0987
Callum,Luna,(333) 264-0526
Channing,Chan,(770) 377-0280
Simone,Rosario,(357) 443-5069
Emerson,Page,(100) 400-2174
Britanni,Wolfe,(666) 369-5542
Bethany,Mcconnell,(524) 163-7670
Louis,Sutton,(517) 790-9795
Mary,Sutton,(370) 434-0880
Naida,Gregory,(663) 765-7018
Deanna,Wood,(606) 961-7776
Kirsten,Ortiz,(984) 168-9362
Acton,Bright,(660) 485-2083
Amanda,Head,(280) 192-5294
Libby,Knowles,(978) 852-4811
Skyler,Dominguez,(582) 591-8319
